i,i_config,i_term,f,f_config,f_term,Ei,Ef,Gamma
0,4f14.6s2,1S0,2,4f14.6s.6p,3P1*,0.0 E_h,0.081977615 E_h,2.781716975573533×10⁻¹¹ E_h/ħ
0,4f14.6s2,1S0,7,4f14.6s.6p,1P1*,0.0 E_h,0.114219225 E_h,4.644257907044507×10⁻⁹ E_h/ħ
0,4f14.6s2,1S0,15,4f13.(2F*<7/2>).5d<5/2>.6s2,"(7/2,5/2)1*",0.0 E_h,0.13148223 E_h,1.65209799505802×10⁻⁹ E_h/ħ
0,4f14.6s2,1S0,27,4f13.(2F*).5d2.6s?,Ionization Limit,0.0 E_h,0.1704734 E_h,3.459004587017524×10⁻¹⁰ E_h/ħ
0,4f14.6s2,1S0,37,4f14.6s.7p,1P1*,0.0 E_h,0.18482305 E_h,2.4188843265856808×10⁻⁹ E_h/ħ
